{"cameraMode":{"drawMode":0,"name":"Shaded","section":"Shading Mode"},"sceneLighting":false,"audioPlay":false,"sceneViewState":{"showFog":true,"showMaterialUpdate":false,"showSkybox":true,"showFlares":true,"showImageEffects":true,"showParticleSystems":true},"in2DMode":false,"pivot":{"x":3.8773245811462404,"y":-18.46668243408203,"z":-45.51032257080078},"rotation":{"x":0.001174315344542265,"y":-0.980164110660553,"z":0.19849622249603272,"w":0.00616849260404706},"size":29.148380279541017,"orthographic":false}