{"cameraMode":{"drawMode":0,"name":"Shaded","section":"Shading Mode"},"sceneLighting":false,"audioPlay":false,"sceneViewState":{"showFog":true,"showMaterialUpdate":false,"showSkybox":true,"showFlares":true,"showImageEffects":true,"showParticleSystems":true},"in2DMode":false,"pivot":{"x":-48.715293884277347,"y":-20.89981460571289,"z":2.3620290756225588},"rotation":{"x":-0.1350291669368744,"y":0.7048643231391907,"z":-0.13941189646720887,"w":-0.6823731660842896},"size":31.28553009033203,"orthographic":false}