{"cameraMode":{"drawMode":0,"name":"Shaded","section":"Shading Mode"},"sceneLighting":false,"audioPlay":false,"sceneViewState":{"showFog":true,"showMaterialUpdate":false,"showSkybox":true,"showFlares":true,"showImageEffects":true,"showParticleSystems":true},"in2DMode":false,"pivot":{"x":3.470571279525757,"y":8.146734237670899,"z":5.719705581665039},"rotation":{"x":0.020598769187927247,"y":0.7009172439575195,"z":-0.7128105759620667,"w":0.020150551572442056},"size":0.9393741488456726,"orthographic":false}