{"cameraMode":{"drawMode":0,"name":"Shaded","section":"Shading Mode"},"sceneLighting":false,"audioPlay":false,"sceneViewState":{"showFog":true,"showMaterialUpdate":false,"showSkybox":true,"showFlares":true,"showImageEffects":true,"showParticleSystems":true},"in2DMode":false,"pivot":{"x":31.299503326416017,"y":-23.385269165039064,"z":-38.843727111816409},"rotation":{"x":-0.0683000236749649,"y":-0.9290762543678284,"z":0.21733197569847108,"w":-0.2916853427886963},"size":29.202404022216798,"orthographic":false}