{"cameraMode":{"drawMode":0,"name":"Shaded","section":"Shading Mode"},"sceneLighting":false,"audioPlay":false,"sceneViewState":{"showFog":true,"showMaterialUpdate":false,"showSkybox":true,"showFlares":true,"showImageEffects":true,"showParticleSystems":true},"in2DMode":false,"pivot":{"x":4.060864448547363,"y":-81.23603057861328,"z":6.149932384490967},"rotation":{"x":0.09184930473566055,"y":-0.68694007396698,"z":0.7155998349189758,"w":0.08835103362798691},"size":45.097320556640628,"orthographic":false}