{"cameraMode":{"drawMode":0,"name":"Shaded","section":"Shading Mode"},"sceneLighting":false,"audioPlay":false,"sceneViewState":{"showFog":true,"showMaterialUpdate":false,"showSkybox":true,"showFlares":true,"showImageEffects":true,"showParticleSystems":true},"in2DMode":false,"pivot":{"x":10.802156448364258,"y":-63.433502197265628,"z":-46.28478240966797},"rotation":{"x":-0.02426018938422203,"y":-0.8918060064315796,"z":0.449428915977478,"w":-0.04791013151407242},"size":44.7616081237793,"orthographic":false}