{"cameraMode":{"drawMode":0,"name":"Shaded","section":"Shading Mode"},"sceneLighting":false,"audioPlay":false,"sceneViewState":{"showFog":true,"showMaterialUpdate":false,"showSkybox":true,"showFlares":true,"showImageEffects":true,"showParticleSystems":true},"in2DMode":false,"pivot":{"x":-0.9887434840202332,"y":-68.47380065917969,"z":-39.39753723144531},"rotation":{"x":0.00382681074552238,"y":-0.8644719123840332,"z":0.502812922000885,"w":0.006772216409444809},"size":43.45038604736328,"orthographic":false}