{"cameraMode":{"drawMode":0,"name":"Shaded","section":"Shading Mode"},"sceneLighting":false,"audioPlay":false,"sceneViewState":{"showFog":true,"showMaterialUpdate":false,"showSkybox":true,"showFlares":true,"showImageEffects":true,"showParticleSystems":true},"in2DMode":false,"pivot":{"x":3.2945809364318849,"y":-17.182199478149415,"z":-50.57757568359375},"rotation":{"x":0.0077005187049508099,"y":0.986649751663208,"z":-0.15549437701702119,"w":0.049190014600753787},"size":32.54458999633789,"orthographic":false}