{"cameraMode":{"drawMode":0,"name":"Shaded","section":"Shading Mode"},"sceneLighting":false,"audioPlay":false,"sceneViewState":{"showFog":true,"showMaterialUpdate":false,"showSkybox":true,"showFlares":true,"showImageEffects":true,"showParticleSystems":true},"in2DMode":false,"pivot":{"x":2.5212879180908205,"y":-9.574286460876465,"z":-50.74761962890625},"rotation":{"x":0.004777027294039726,"y":-0.9940705299377441,"z":0.09754590690135956,"w":0.04953229799866676},"size":29.148380279541017,"orthographic":false}