{"cameraMode":{"drawMode":0,"name":"Shaded","section":"Shading Mode"},"sceneLighting":false,"audioPlay":false,"sceneViewState":{"showFog":true,"showMaterialUpdate":false,"showSkybox":true,"showFlares":true,"showImageEffects":true,"showParticleSystems":true},"in2DMode":false,"pivot":{"x":-9.42546272277832,"y":-6.918490886688232,"z":-4.689509868621826},"rotation":{"x":-0.12462957203388214,"y":0.8604214191436768,"z":-0.2523716986179352,"w":-0.4249025881290436},"size":9.35836410522461,"orthographic":false}