{"cameraMode":{"drawMode":0,"name":"Shaded","section":"Shading Mode"},"sceneLighting":false,"audioPlay":false,"sceneViewState":{"showFog":true,"showMaterialUpdate":false,"showSkybox":true,"showFlares":true,"showImageEffects":true,"showParticleSystems":true},"in2DMode":false,"pivot":{"x":4.497622489929199,"y":-78.11676788330078,"z":-28.440349578857423},"rotation":{"x":-0.003297743620350957,"y":-0.8294450640678406,"z":0.558744490146637,"w":-0.0046783690340816978},"size":44.7616081237793,"orthographic":false}