{"cameraMode":{"drawMode":0,"name":"Shaded","section":"Shading Mode"},"sceneLighting":false,"audioPlay":false,"sceneViewState":{"showFog":true,"showMaterialUpdate":false,"showSkybox":true,"showFlares":true,"showImageEffects":true,"showParticleSystems":true},"in2DMode":false,"pivot":{"x":-1.7262276411056519,"y":-45.860816955566409,"z":-47.6005859375},"rotation":{"x":0.031149420887231828,"y":-0.9275986552238464,"z":0.36386772990226748,"w":0.07981810718774796},"size":39.24420928955078,"orthographic":false}