{"cameraMode":{"drawMode":0,"name":"Shaded","section":"Shading Mode"},"sceneLighting":false,"audioPlay":false,"sceneViewState":{"showFog":true,"showMaterialUpdate":false,"showSkybox":true,"showFlares":true,"showImageEffects":true,"showParticleSystems":true},"in2DMode":false,"pivot":{"x":-25.837650299072267,"y":-23.724327087402345,"z":-64.03985595703125},"rotation":{"x":0.037581901997327808,"y":-0.9601867198944092,"z":0.1602253019809723,"w":0.22614023089408875},"size":39.24420928955078,"orthographic":false}