{"cameraMode":{"drawMode":0,"name":"Shaded","section":"Shading Mode"},"sceneLighting":false,"audioPlay":false,"sceneViewState":{"showFog":true,"showMaterialUpdate":false,"showSkybox":true,"showFlares":true,"showImageEffects":true,"showParticleSystems":true},"in2DMode":false,"pivot":{"x":-10.526660919189454,"y":-5.887592315673828,"z":-11.447266578674317},"rotation":{"x":-0.08129658550024033,"y":0.902420699596405,"z":-0.1954747438430786,"w":-0.375383198261261},"size":10.867493629455567,"orthographic":false}